,từ,nhiều,ngày,nay,tầng,than,tại,lò,mức,204,vỉa,24,khu,tràng,khê,ii,huyện,đông,triều,đã,phát,cháy,không,thể,hiện,được,cụ,điểm,chỉ,thấy,khói,và,khí,co2,tăng,60,lần,bình,thường,trong,gây,độc,hại,cao,xí,nghiệp,nam,mẫu,cho,biết,đang,xây,ngăn,vực,bơm,nước,để,khống,chế
0,0.021687329759984657,0.021687329759984657,0.021687329759984657,0.021687329759984657,0.021687329759984657,0.008004148138894602,0.021687329759984657,0.008004148138894602,0.008004148138894602,0.021687329759984657,0.021687329759984657,0.021687329759984657,0.008004148138894602,0.021687329759984657,0.021687329759984657,0.021687329759984657,0.021687329759984657,0.021687329759984657,0.021687329759984657,0.021687329759984657,0.008004148138894602,0.0,,,,,,,,,,,,,,,,,,,,,,,,,,,,,,,,,,,,,
1,,,,,,,,0.006288973537702901,0.012577947075405802,,,,,,,,,,,,0.006288973537702901,0.0,0.017040044811416515,0.03408008962283303,0.017040044811416515,0.017040044811416515,0.017040044811416515,0.017040044811416515,0.017040044811416515,0.017040044811416515,0.017040044811416515,0.006288973537702901,0.017040044811416515,0.017040044811416515,0.017040044811416515,0.017040044811416515,0.017040044811416515,0.017040044811416515,0.017040044811416515,0.017040044811416515,0.017040044811416515,0.017040044811416515,0.017040044811416515,0.017040044811416515,,,,,,,,,,,,,,,
2,,,,,,0.009267961002930591,,,,,,,0.009267961002930591,,,,,,,,,0.0,,,,,,,,,,0.009267961002930591,,,,,,,,,,,,,0.02511164498524539,0.02511164498524539,0.02511164498524539,0.02511164498524539,0.02511164498524539,0.02511164498524539,0.02511164498524539,0.02511164498524539,0.02511164498524539,0.02511164498524539,0.02511164498524539,0.02511164498524539,0.02511164498524539,0.02511164498524539,0.02511164498524539
