,kết,quả,nghiên,cứu,của,các,nhà,khoa,học,thuộc,đại,leiden,hà,lan,cho,thấy,gien,đột,biến,brca2,vốn,là,tác,nhân,làm,tăng,nguy,cơ,ung,thư,vú,và,buồng,trứng,ở,phụ,nữ,cũng,nguyên,gây,ra,nhiều,dạng,nam,giới,theo,những,người,đàn,ông,mang,có,bị,tuyến,tiền,liệt,tụy,lần,lượt,cao,gấp,2,6,so,với,không,này,newscientist
0,0.00900228782489929,0.00900228782489929,0.00900228782489929,0.00900228782489929,0.00900228782489929,0.0033224765859562497,0.0033224765859562497,0.0033224765859562497,0.006644953171912499,0.00900228782489929,0.00900228782489929,0.00900228782489929,0.00900228782489929,0.00900228782489929,0.00900228782489929,0.00900228782489929,0.0033224765859562497,0.0033224765859562497,0.0033224765859562497,0.0033224765859562497,0.00900228782489929,0.01800457564979858,0.00900228782489929,0.01800457564979858,0.00900228782489929,0.00900228782489929,0.0033224765859562497,0.0033224765859562497,0.00996742975786875,0.00996742975786875,0.00900228782489929,0.0033224765859562497,0.00900228782489929,0.00900228782489929,0.01800457564979858,0.00900228782489929,0.00900228782489929,0.00900228782489929,0.00900228782489929,0.00900228782489929,0.00900228782489929,0.00900228782489929,0.00900228782489929,0.00900228782489929,0.00900228782489929,,,,,,,,,,,,,,,,,,,,,,,
1,,,,,,0.0038280708490365484,0.0038280708490365484,0.0038280708490365484,0.0038280708490365484,,,,,,,,0.007656141698073097,0.007656141698073097,0.007656141698073097,0.0038280708490365484,,,,,,,0.0038280708490365484,0.0038280708490365484,0.0038280708490365484,0.0038280708490365484,,0.007656141698073097,,,,,,,,,,,,,,0.010372201189557879,0.020744402379115758,0.020744402379115758,0.010372201189557879,0.010372201189557879,0.020744402379115758,0.010372201189557879,0.010372201189557879,0.020744402379115758,0.010372201189557879,0.010372201189557879,0.010372201189557879,0.031116603568673636,0.010372201189557879,0.010372201189557879,0.020744402379115758,0.010372201189557879,0.010372201189557879,0.010372201189557879,0.010372201189557879,0.010372201189557879,0.010372201189557879,
2,,,,,,,,,,,,,,,,,,,,,,,,,,,,,,,,,,,,,,,,,,,,,,,,,,,,,,,,,,,,,,,,,,,,0.47712125471966244
