,chỉ,cần,sử,dụng,năng,lượng,mặt,trời,chiếc,máy,nct,01,có,thể,biến,nước,mặn,ô,nhiễm,thành,tinh,khiết,đây,là,sản,phẩm,nghiên,cứu,khoa,học,mới,của,thung,lũng,silicon,việt,nam,lâm,đồng,do,kỹ,sư,phan,trí,dũng,chủ,tịch,hội,quản,trị,trung,tâm,công,nghệ,tp,hcm,nhiệm,đề,tài
0,0.019880052279985932,0.019880052279985932,0.019880052279985932,0.019880052279985932,0.019880052279985932,0.019880052279985932,0.019880052279985932,0.019880052279985932,0.019880052279985932,0.019880052279985932,0.019880052279985932,0.019880052279985932,0.019880052279985932,0.019880052279985932,0.019880052279985932,0.059640156839957804,0.019880052279985932,0.019880052279985932,0.019880052279985932,0.019880052279985932,0.019880052279985932,0.019880052279985932,,,,,,,,,,,,,,,,,,,,,,,,,,,,,,,,,,,,,
1,,,,,,,,,,,,,,,,,,,,,,,0.012895169046477363,0.012895169046477363,0.012895169046477363,0.012895169046477363,0.025790338092954727,0.025790338092954727,0.012895169046477363,0.012895169046477363,0.025790338092954727,0.012895169046477363,0.012895169046477363,0.012895169046477363,0.012895169046477363,0.012895169046477363,0.012895169046477363,0.012895169046477363,0.025790338092954727,0.012895169046477363,0.012895169046477363,0.012895169046477363,0.012895169046477363,0.012895169046477363,0.012895169046477363,0.0047592232177211145,0.012895169046477363,0.012895169046477363,0.012895169046477363,0.012895169046477363,0.012895169046477363,0.012895169046477363,0.012895169046477363,0.012895169046477363,0.012895169046477363,,,,
2,,,,,,,,,,,,,,,,,,,,,,,,,,,,,,,,,,,,,,,,,,,,,,0.03521825181113625,,,,,,,,,,0.09542425094393249,0.09542425094393249,0.09542425094393249,0.09542425094393249
