,viện,thí,nghiệm,vật,lý,vương,quốc,anh,vừa,chế,tạo,thành,công,thiết,bị,trợ,thính,có,thể,giúp,người,khiếm,thưởng,thức,âm,nhạc,đó,là,một,được,cấy,vào,ốc,tai,khả,năng,tiếp,nhận,những,thanh,với,tần,số,rộng,hơn,hiện,tại,nghe,gần,như,bình,thường
0,0.01114925909866597,0.01114925909866597,0.01114925909866597,0.01114925909866597,0.01114925909866597,0.01114925909866597,0.01114925909866597,0.01114925909866597,0.01114925909866597,0.01114925909866597,0.01114925909866597,0.01114925909866597,0.01114925909866597,0.0,0.0,0.01114925909866597,0.0,0.0,0.01114925909866597,0.0,0.0,0.0,0.01114925909866597,0.01114925909866597,0.0,0.0,,,,,,,,,,,,,,,,,,,,,,,,,,
1,,,,,,,,,,,,,,0.0,0.0,,0.0,0.0,,0.0,0.0,0.0,,,0.0,0.0,0.007718717837537979,0.007718717837537979,0.007718717837537979,0.007718717837537979,0.007718717837537979,0.007718717837537979,0.007718717837537979,0.007718717837537979,0.007718717837537979,0.007718717837537979,0.007718717837537979,0.007718717837537979,0.015437435675075958,0.007718717837537979,0.007718717837537979,0.007718717837537979,0.007718717837537979,0.007718717837537979,0.007718717837537979,0.007718717837537979,0.007718717837537979,0.007718717837537979,0.007718717837537979,0.007718717837537979,0.007718717837537979,0.007718717837537979
