,tập,đoàn,ô,tô,ford,mỹ,đã,giới,thiệu,mẫu,xe,tải,nhỏ,f,250,super,duty,có,trang,bị,một,văn,phòng,công,nghệ,cao,nhằm,thỏa,mãn,nhu,cầu,của,những,doanh,nhân,thường,đi,lại,bằng,bao,gồm,máy,vi,tính,nối,mạng,không,dây,in,và,hệ,thống,định,vị,toàn
0,0.007342195016194664,0.007342195016194664,0.014684390032389328,0.014684390032389328,0.007342195016194664,0.007342195016194664,0.007342195016194664,0.007342195016194664,0.007342195016194664,0.007342195016194664,0.007342195016194664,0.007342195016194664,0.007342195016194664,0.007342195016194664,0.007342195016194664,0.007342195016194664,0.007342195016194664,0.007342195016194664,0.007342195016194664,0.007342195016194664,0.007342195016194664,0.0,0.0,0.007342195016194664,0.007342195016194664,0.007342195016194664,0.007342195016194664,0.007342195016194664,0.007342195016194664,0.007342195016194664,0.0,0.007342195016194664,0.007342195016194664,0.007342195016194664,0.007342195016194664,0.007342195016194664,0.007342195016194664,0.007342195016194664,0.007342195016194664,,,,,,,,,,,,,,,,
1,,,,,,,,,,,,,,,,,,,,,,0.0,0.0,,,,,,,,0.0,,,,,,,,,0.01505149978319906,0.01505149978319906,0.03010299956639812,0.01505149978319906,0.01505149978319906,0.01505149978319906,0.01505149978319906,0.01505149978319906,0.01505149978319906,0.01505149978319906,0.01505149978319906,0.01505149978319906,0.01505149978319906,0.01505149978319906,0.01505149978319906,0.01505149978319906
