,các,nhà,khoa,học,thuộc,viện,nghiên,cứu,thần,kinh,nsi,ở,la,jolla,california,mỹ,vừa,chế,tạo,thành,công,một,con,robot,thông,minh,có,tên,là,darwin,vii,điểm,đặc,biệt,nó,cơ,hoạt,động,đơn,giản,và,dựa,trên,nguyên,tắc,sinh,vì,tới,20,ngàn,tế,bào,não
0,0.009122121080726703,0.009122121080726703,0.018244242161453407,0.0,0.009122121080726703,0.009122121080726703,0.009122121080726703,0.009122121080726703,0.009122121080726703,0.009122121080726703,0.009122121080726703,0.0,0.009122121080726703,0.009122121080726703,0.009122121080726703,0.009122121080726703,0.009122121080726703,0.0,0.009122121080726703,0.009122121080726703,0.009122121080726703,0.009122121080726703,0.0,0.0,0.009122121080726703,0.009122121080726703,0.0,0.009122121080726703,0.0,0.009122121080726703,0.009122121080726703,,,,,,,,,,,,,,,,,,,,,,
1,,,,0.0,,,,,,,,0.0,,,,,,0.0,,,,,0.0,0.0,,,0.0,,0.0,,,0.010034333188799373,0.010034333188799373,0.010034333188799373,0.010034333188799373,0.010034333188799373,0.010034333188799373,0.010034333188799373,0.010034333188799373,0.010034333188799373,0.010034333188799373,0.010034333188799373,0.010034333188799373,0.010034333188799373,0.010034333188799373,0.010034333188799373,0.010034333188799373,0.010034333188799373,0.010034333188799373,0.010034333188799373,0.010034333188799373,0.010034333188799373,0.010034333188799373
