,hà,nội,đoạt,6,giải,nhất,nlđ,sau,4,ngày,tranh,tài,9,kỳ,thi,olympic,hóa,học,sinh,viên,sv,toàn,quốc,lần,thứ,do,bộ,gd,đt,hội,vn,và,trường,đh,sư,phạm,huế,phối,hợp,tổ,chức,đã,kết,thúc,bốn,cá,nhân,đều,thuộc,về,các,tại,đoàn,khoa,tự,nhiên,bách,ba,1,thực,hành
0,0.002402668011698076,0.002402668011698076,0.005789038378153485,0.01157807675630697,0.0,0.0,0.01157807675630697,0.01157807675630697,0.03473423026892091,0.02315615351261394,0.01157807675630697,0.01157807675630697,0.01157807675630697,0.01157807675630697,0.01157807675630697,0.01157807675630697,0.02315615351261394,0.01157807675630697,0.01157807675630697,0.01157807675630697,0.01157807675630697,0.002402668011698076,0.01157807675630697,0.01157807675630697,0.01157807675630697,0.01157807675630697,0.01157807675630697,0.01157807675630697,0.01157807675630697,0.02315615351261394,0.02315615351261394,0.002402668011698076,0.005789038378153485,0.0,0.005789038378153485,0.005789038378153485,0.005789038378153485,0.01157807675630697,0.01157807675630697,0.01157807675630697,0.01157807675630697,0.01157807675630697,0.01157807675630697,0.01157807675630697,,,,,,,,,,,,,,,,,
1,0.008329249107219995,0.008329249107219995,,,0.0,0.0,,,,,,,,,,,,,,,0.020068666377598746,,,,,,,,,,,,0.020068666377598746,0.0,,,,,,,,,,,0.04013733275519749,0.020068666377598746,0.020068666377598746,0.04013733275519749,0.020068666377598746,0.020068666377598746,0.04013733275519749,0.04013733275519749,,,,,,,,,
2,0.013151445958768413,0.013151445958768413,,,0.0,0.0,,,,,,,,,,,,0.0158436839823148,,,,0.0065757229793842065,,,,,,,,,,0.0065757229793842065,,0.0,,,,,,,,,,,,,,,0.0158436839823148,0.0158436839823148,,,0.0158436839823148,0.0633747359292592,0.0316873679646296,0.0316873679646296,0.0316873679646296,,,,
3,,,0.0177076468037636,,0.0,0.0,,,,,,,,,,,,,,,,0.007349337447547055,,,,,,,,,,0.007349337447547055,,0.0,0.0177076468037636,0.0177076468037636,0.0177076468037636,,,,,,,,,0.0177076468037636,0.0177076468037636,,,,,,0.0177076468037636,,,,,0.0354152936075272,0.0354152936075272,0.0354152936075272,0.0354152936075272
