,10,hs,dự,thi,giỏi,máy,tính,casio,toàn,quốc,nlđ,sáng,22,1,180,học,sinh,khối,11,ở,45,trường,thpt,tphcm,đã,tham,gia,cuộc,do,sở,gd,đt,tổ,chức,cùng,ngày,50,các,9,12,cũng,bước,vào,vòng,2,kỳ,kết,quả,chọn,được,5,năng,khiếu,chuyên,lê,hồng,phong,mạc,đĩnh,chi,và,thcs,nguyễn,du,quận,gò,vấp,ngô,sỹ,liên,tân,bình,để,tháng,3,tới
0,0.011095843133015405,0.0,0.004095145559434447,0.0,0.0,0.0,0.0,0.0,0.004095145559434447,0.004095145559434447,0.011095843133015405,0.011095843133015405,0.011095843133015405,0.004095145559434447,0.011095843133015405,0.011095843133015405,0.011095843133015405,0.004095145559434447,0.011095843133015405,0.0,0.011095843133015405,0.004095145559434447,0.004095145559434447,0.011095843133015405,0.0,0.011095843133015405,0.011095843133015405,0.011095843133015405,0.011095843133015405,0.011095843133015405,0.011095843133015405,0.011095843133015405,0.011095843133015405,0.011095843133015405,,,,,,,,,,,,,,,,,,,,,,,,,,,,,,,,,,,,,,,,,,
1,,0.0,,0.0,0.0,0.0,0.0,0.0,,,,,,,,,,0.008385298050270535,,0.0,,,,,0.0,,,,,,,,,,0.022720059748555354,0.022720059748555354,0.022720059748555354,0.008385298050270535,0.022720059748555354,0.022720059748555354,0.022720059748555354,0.022720059748555354,0.008385298050270535,0.022720059748555354,0.022720059748555354,0.008385298050270535,,,,,,,,,,,,,,,,,,,,,,,,,,,,,,
2,,0.0,0.003089320334310197,0.0,0.0,0.0,0.0,0.0,0.003089320334310197,0.003089320334310197,,,,0.003089320334310197,,,,,,0.0,,0.006178640668620394,0.003089320334310197,,0.0,,,,,,,,,,,,,0.006178640668620394,,,,,0.003089320334310197,,,0.003089320334310197,0.00837054832841513,0.00837054832841513,0.00837054832841513,0.00837054832841513,0.01674109665683026,0.00837054832841513,0.00837054832841513,0.00837054832841513,0.00837054832841513,0.00837054832841513,0.00837054832841513,0.00837054832841513,0.00837054832841513,0.00837054832841513,0.01674109665683026,0.00837054832841513,0.01674109665683026,0.01674109665683026,0.02511164498524539,0.00837054832841513,0.00837054832841513,0.00837054832841513,0.00837054832841513,0.00837054832841513,0.00837054832841513,0.00837054832841513,0.00837054832841513,0.00837054832841513,0.00837054832841513,0.00837054832841513
