,đồng,nai,một,học,sinh,10,tuổi,thi,toefl,đạt,579,điểm,em,nguyễn,ngọc,anh,thư,lớp,5d,trường,chu,văn,an,huyện,định,quán,tỉnh,đã,đậu,môn,tiếng,trong,kỳ,lấy,bằng,quốc,tế,tại,trung,tâm,ngoại,ngữ,đại,sư,phạm,thành,phố,hồ,chí,minh,số,mà,được,là,khi,tiêu,chuẩn,để,đi,du,chỉ,cần,từ,500,550,theo,cha,của,năm,1,và,chủ,yếu,dưới,sự,hướng,dẫn
0,0.01617360185490381,0.01617360185490381,0.008086800927451905,0.0,0.01617360185490381,0.008086800927451905,0.008086800927451905,0.02426040278235572,0.005969195222226483,0.0029845976111132415,0.0029845976111132415,0.0029845976111132415,0.0029845976111132415,0.0,0.0,0.0,0.0,0.0029845976111132415,0.008086800927451905,0.008086800927451905,0.008086800927451905,0.008086800927451905,0.008086800927451905,0.008086800927451905,0.008086800927451905,0.008086800927451905,0.008086800927451905,0.008086800927451905,0.008086800927451905,0.008086800927451905,0.0029845976111132415,0.0029845976111132415,0.008086800927451905,0.008086800927451905,0.008086800927451905,0.008086800927451905,0.008086800927451905,0.008086800927451905,0.008086800927451905,0.008086800927451905,0.008086800927451905,0.008086800927451905,0.008086800927451905,0.008086800927451905,0.008086800927451905,0.008086800927451905,0.008086800927451905,0.008086800927451905,0.008086800927451905,0.008086800927451905,,,,,,,,,,,,,,,,,,,,,,,,,,,
1,,,,0.0,,,,,0.006521898483543749,0.006521898483543749,0.006521898483543749,0.01956569545063125,,0.0,0.0,0.0,0.0,,,,,,,,,,,,,,,0.006521898483543749,,,,,,,,,,,,,,,,,,,0.017671157582209718,0.017671157582209718,0.017671157582209718,0.017671157582209718,0.017671157582209718,0.017671157582209718,0.017671157582209718,0.017671157582209718,0.017671157582209718,0.017671157582209718,0.017671157582209718,0.017671157582209718,0.006521898483543749,0.017671157582209718,0.017671157582209718,,,,,,,,,,,,
2,,,,0.0,,,,,,,,,0.007337135793986718,0.0,0.0,0.0,0.0,0.007337135793986718,,,,,,,,,,,,,0.007337135793986718,,,,,,,,,,,,,,,,,,,,,,,,,,,,,,,,0.007337135793986718,,,0.019880052279985932,0.039760104559971865,0.039760104559971865,0.019880052279985932,0.019880052279985932,0.019880052279985932,0.019880052279985932,0.019880052279985932,0.019880052279985932,0.019880052279985932,0.019880052279985932,0.019880052279985932
