,thành,hãy,cứ,yêu,và,chờ,đợi,phản,ứng,của,bạn,gái,anh,bình,tĩnh,suy,nghĩ,vẫn,xây,dựng,tình,mình,xem,cô,ấy,có,đáp,lại,hay,không,khi,nhận,ra,cảm,thấy,quý,mến,trân,trọng,ngược,nếu,thì,nên,chấp,chia,tay,sẽ,rất,buồn,đau,mất,mát,from,bui,phan,thien,giangto,tamsuvnexpress,net,sent,thursday,may,06,2004,628,amsubject,thanh,binh,tinh
0,0.013441730852615748,0.026883461705231496,0.026883461705231496,0.015305384948924524,0.022958077423386788,0.026883461705231496,0.026883461705231496,0.013441730852615748,0.013441730852615748,0.015305384948924524,0.013441730852615748,0.013441730852615748,0.005590962288926332,0.013441730852615748,0.013441730852615748,0.013441730852615748,0.013441730852615748,0.013441730852615748,0.013441730852615748,0.013441730852615748,0.007652692474462262,0.013441730852615748,0.013441730852615748,0.015305384948924524,0.015305384948924524,0.026883461705231496,0.013441730852615748,0.007652692474462262,0.007652692474462262,0.007652692474462262,0.013441730852615748,0.007652692474462262,0.013441730852615748,0.007652692474462262,0.007652692474462262,0.013441730852615748,0.013441730852615748,0.013441730852615748,0.013441730852615748,,,,,,,,,,,,,,,,,,,,,,,,,,,,,,
1,,,,0.022107778259557644,,,,,,0.022107778259557644,,,0.010767779223117379,,,,,,,,0.022107778259557644,,,0.022107778259557644,0.022107778259557644,,,0.022107778259557644,,0.022107778259557644,,0.04421555651911529,,,,,,,,0.0388316669075566,0.0388316669075566,0.0388316669075566,0.0388316669075566,0.0388316669075566,0.0388316669075566,0.0388316669075566,,,,,,,,,,,,,,,,,,,,,,,
2,,,,,0.03979400086720376,,,,,,,,0.009691001300805642,,,,,,,,,,,,,,,,,,,,,0.03979400086720376,0.03979400086720376,,,,,,,,,,,,0.06989700043360189,0.06989700043360189,0.06989700043360189,0.06989700043360189,0.06989700043360189,0.06989700043360189,,,,,,,,,,,,,,,,,
3,,,,,,,,,,,,,,,,,,,,,,,,,,,,,,,,,,,,,,,,,,,,,,,,,,,,,0.1164950007226698,0.1164950007226698,0.1164950007226698,0.1164950007226698,0.1164950007226698,0.1164950007226698,,,,,,,,,,,
4,,,,,,,,,,,,,0.007454616385235109,,,,,,,,,,,,,,,,0.030610769897849048,,,,,,,,,,,,,,,,,,,,,,,,,,,,,,0.05376692341046299,0.05376692341046299,0.05376692341046299,0.05376692341046299,0.05376692341046299,0.05376692341046299,0.05376692341046299,0.05376692341046299,0.05376692341046299,0.05376692341046299,0.05376692341046299
