,lẩu,cua,nấu,mẻ,khi,trời,rét,thì,một,nồi,sôi,sùng,sục,thật,hấp,dẫn,ăn,cùng,với,bún,nước,chấm,xì,dầu,ớt,thái,khoanh,nguyên,liệu,xương,heo,lấy,lèo,khế,cà,chua,là,rau,nhút,muống,cọng,gia,vị,thực,hiện
0,0.020716618712433087,0.010358309356216544,0.010358309356216544,0.010358309356216544,0.028065956159980143,0.028065956159980143,0.028065956159980143,0.010358309356216544,0.028065956159980143,0.028065956159980143,0.028065956159980143,0.028065956159980143,0.028065956159980143,0.028065956159980143,0.028065956159980143,0.028065956159980143,,,,,,,,,,,,,,,,,,,,,,,,,,,,,
1,0.004891423862657812,0.009782847725315624,0.004891423862657812,0.004891423862657812,,,,0.004891423862657812,,,,,,,,,0.013253368186657288,0.013253368186657288,0.013253368186657288,0.013253368186657288,0.026506736373314577,0.013253368186657288,0.013253368186657288,0.013253368186657288,0.026506736373314577,0.013253368186657288,0.013253368186657288,0.013253368186657288,0.013253368186657288,0.013253368186657288,0.013253368186657288,0.013253368186657288,0.013253368186657288,0.013253368186657288,0.013253368186657288,0.013253368186657288,0.013253368186657288,0.026506736373314577,0.013253368186657288,0.013253368186657288,0.013253368186657288,0.013253368186657288,0.013253368186657288,,
2,,,,,,,,,,,,,,,,,,,,,,,,,,,,,,,,,,,,,,,,,,,,0.23856062735983122,0.23856062735983122
