,tết,nguyên,tiêu,qua,ảnh,cứ,đến,ngày,15,tháng,giêng,âm,lịch,hàng,năm,người,dân,các,nước,ăn,theo,mặt,trăng,như,trung,quốc,việt,nam,hàn,lại,tổ,chức,lễ,họ,treo,đèn,lồng,và,tới,ngôi,chùa,đền,cầu,khấn,may,mắn,hạnh,phúc
0,0.0158436839823148,0.0158436839823148,0.0158436839823148,0.0079218419911574,0.0079218419911574,0.0079218419911574,0.0079218419911574,0.0079218419911574,0.0079218419911574,0.0079218419911574,0.0079218419911574,0.0079218419911574,0.0158436839823148,0.0079218419911574,0.0079218419911574,0.0079218419911574,0.0079218419911574,0.0,0.0079218419911574,0.0079218419911574,0.0079218419911574,0.0079218419911574,0.0079218419911574,0.0079218419911574,0.0079218419911574,0.0158436839823148,0.0079218419911574,0.0079218419911574,0.0079218419911574,0.0079218419911574,0.0079218419911574,0.0079218419911574,0.0079218419911574,,,,,,,,,,,,,,,
1,,,,,,,,,,,,,,,,,,0.0,,,,,,,,,,,,,,,,0.018814374728998825,0.018814374728998825,0.018814374728998825,0.018814374728998825,0.018814374728998825,0.018814374728998825,0.018814374728998825,0.018814374728998825,0.018814374728998825,0.018814374728998825,0.018814374728998825,0.018814374728998825,0.018814374728998825,0.018814374728998825,0.018814374728998825
