,những,bức,hình,đoạt,giải,ảnh,báo,chí,thế,giới,2003,ban,giám,khảo,đã,làm,việc,suốt,12,ngày,để,chọn,ra,trong,số,63,000,của,4,176,phóng,viên,đến,từ,124,nước,tác,phẩm,xứng,đáng,nhận,cho,10,thể,loại,các,được,sẽ,trưng,bày,khắp,và,in,thành,sách,2002
0,0.006932773425511137,0.012435625271001175,0.012435625271001175,0.012435625271001175,0.006056875813003526,0.006056875813003526,0.02487125054200235,0.02487125054200235,0.013865546851022275,0.013865546851022275,0.02184281263550059,0.02184281263550059,0.02184281263550059,0.02184281263550059,0.02184281263550059,0.02184281263550059,0.02184281263550059,0.02184281263550059,0.02184281263550059,0.02184281263550059,0.02184281263550059,0.02184281263550059,0.02184281263550059,0.02184281263550059,0.02184281263550059,0.02184281263550059,,,,,,,,,,,,,,,,,,,,,,,,,,,,,,
1,,,,,,0.024227503252014105,,,,,,,,,,,,,,,,,,,,,0.17474250108400471,0.17474250108400471,0.17474250108400471,,,,,,,,,,,,,,,,,,,,,,,,,,,
2,0.012324930534242022,,,,0.005383889611558689,,,,,,,,,,,,,,,,,,,,,,,,,0.0388316669075566,0.0388316669075566,0.0388316669075566,0.0388316669075566,0.0388316669075566,0.0388316669075566,0.0388316669075566,0.0388316669075566,0.0388316669075566,0.0388316669075566,0.0388316669075566,0.0388316669075566,0.0388316669075566,0.0388316669075566,0.0388316669075566,0.0388316669075566,,,,,,,,,,,
3,,,,,0.006460667533870428,0.006460667533870428,,,0.014789916641090426,0.014789916641090426,,,,,,,,,,,,,,,,,,,,,,,,,,,,,,,,,,,,0.04659800028906792,0.09319600057813585,0.04659800028906792,0.04659800028906792,0.04659800028906792,0.04659800028906792,0.04659800028906792,0.04659800028906792,0.04659800028906792,0.04659800028906792,
4,0.02016806814694149,0.03617636442473069,0.03617636442473069,0.03617636442473069,0.008810001182550584,0.008810001182550584,0.03617636442473069,0.03617636442473069,0.02016806814694149,0.02016806814694149,,,,,,,,,,,,,,,,,,,,,,,,,,,,,,,,,,,,,,,,,,,,,,0.06354272766691081
