,điều,trị,sỏi,thận,bằng,kỹ,thuật,mới,hôm,28,7,bệnh,viện,chợ,rẫy,tp,hcm,đã,áp,dụng,tán,nhất,để,cho,nhân,hệ,thống,máy,direx,duet,công,nghệ,của,pháp,được,đầu,tư,hơn,45,tỉ,đồng,bác,sĩ,trần,ngọc,sinh,trưởng,khoa,tiết,niệu,biết,này,ở,mọi,lứa,tuổi,người,trong,chỉ,định,cần,một,lần,duy,không,phải,đến,đi,lại,nhiều,như,các,trước,đây
0,0.0,0.0,0.028065956159980143,0.01871063743998676,0.01871063743998676,0.0,0.0,0.01871063743998676,0.00935531871999338,0.00935531871999338,0.00935531871999338,0.0,0.0034527697854055146,0.00935531871999338,0.00935531871999338,0.00935531871999338,0.00935531871999338,0.00935531871999338,0.0034527697854055146,0.0034527697854055146,0.0034527697854055146,0.0034527697854055146,0.0034527697854055146,0.0034527697854055146,0.0034527697854055146,0.00935531871999338,0.00935531871999338,0.00935531871999338,0.00935531871999338,0.00935531871999338,0.00935531871999338,0.00935531871999338,0.00935531871999338,0.00935531871999338,0.00935531871999338,0.00935531871999338,0.00935531871999338,0.00935531871999338,0.00935531871999338,0.00935531871999338,0.00935531871999338,,,,,,,,,,,,,,,,,,,,,,,,,,,,,,,,,
1,0.0,0.0,,,,0.0,0.0,,,,,0.0,,,,,,,0.007043650362227249,0.007043650362227249,,,,0.014087300724454499,0.007043650362227249,,,,,,,,,,,,,,,,,0.019084850188786497,0.019084850188786497,0.019084850188786497,0.019084850188786497,0.019084850188786497,0.019084850188786497,0.019084850188786497,0.019084850188786497,0.019084850188786497,0.019084850188786497,0.019084850188786497,0.019084850188786497,0.019084850188786497,0.019084850188786497,0.019084850188786497,,,,,,,,,,,,,,,,,,
2,0.0,0.0,,,,0.0,0.0,,,,,0.0,0.005502851845490039,,,,,,,,0.016508555536470116,0.005502851845490039,0.005502851845490039,,,,,,,,,,,,,,,,,,,,,,,,,,,,,,,,,,0.014910039209989451,0.014910039209989451,0.029820078419978902,0.014910039209989451,0.014910039209989451,0.014910039209989451,0.029820078419978902,0.014910039209989451,0.014910039209989451,0.014910039209989451,0.014910039209989451,0.014910039209989451,0.014910039209989451,0.014910039209989451,0.014910039209989451,0.014910039209989451,0.014910039209989451,0.014910039209989451
