,kịch,hài,định,kỳ,cậu,tèo,về,quê,vở,đả,kích,sự,phô,trương,của,những,tay,việt,kiều,“rởm”,sẽ,mở,màn,chương,trình,diễn,ra,vào,ngày,23,mỗi,tháng,4,tại,nhà,hát,bến,thành,tphcm,tham,gia,gồm,các,nghệ,sĩ,bảo,quốc,hồng,vân,anh,vũ,quang,hải,câu,chuyện,xoay,quanh,vấn,đề,đang,được,xã,hội,quan,tâm,lần,lượt,mắt,khán,giả,với,tiếng,cười,ý,nhị,nhưng,sâu,sắc,qua,dài
0,0.011005703690980077,0.029820078419978902,0.019880052279985932,0.019880052279985932,0.009940026139992966,0.009940026139992966,0.009940026139992966,0.009940026139992966,0.0,0.009940026139992966,0.009940026139992966,0.009940026139992966,0.009940026139992966,0.009940026139992966,0.009940026139992966,0.003668567896993359,0.009940026139992966,0.009940026139992966,0.009940026139992966,0.009940026139992966,0.003668567896993359,0.009940026139992966,0.009940026139992966,0.009940026139992966,0.009940026139992966,0.003668567896993359,0.003668567896993359,0.019880052279985932,0.019880052279985932,0.019880052279985932,0.009940026139992966,0.009940026139992966,0.009940026139992966,0.009940026139992966,0.009940026139992966,0.009940026139992966,0.009940026139992966,0.009940026139992966,0.009940026139992966,,,,,,,,,,,,,,,,,,,,,,,,,,,,,,,,,,,,,,,,,
1,,,,,,,,,0.0,,,,,,,,,,,,,,,,,0.011005703690980077,,,,,,,,,,,,,,0.029820078419978902,0.029820078419978902,0.029820078419978902,0.011005703690980077,0.029820078419978902,0.029820078419978902,0.029820078419978902,0.029820078419978902,0.029820078419978902,0.029820078419978902,0.029820078419978902,0.029820078419978902,0.029820078419978902,0.029820078419978902,,,,,,,,,,,,,,,,,,,,,,,,,,,
2,0.005031178830162321,,,,,,,,0.0,,,,,,,0.010062357660324641,,,,,0.005031178830162321,,,,,,0.005031178830162321,,,,,,,,,,,,,,,,0.010062357660324641,,,,,,,,,,,0.013632035849133212,0.013632035849133212,0.013632035849133212,0.013632035849133212,0.013632035849133212,0.013632035849133212,0.013632035849133212,0.013632035849133212,0.013632035849133212,0.013632035849133212,0.013632035849133212,0.013632035849133212,0.013632035849133212,0.013632035849133212,0.013632035849133212,0.013632035849133212,0.013632035849133212,0.013632035849133212,0.013632035849133212,0.013632035849133212,0.013632035849133212,0.013632035849133212,0.013632035849133212,0.013632035849133212,0.013632035849133212,0.013632035849133212,0.013632035849133212
