,microsoft,và,fpt,hợp,tác,phát,triển,cntt,nlđ,ngày,27,4,ngay,sau,khi,chủ,tịch,tập,đoàn,bill,gates,sang,thăm,vn,đã,công,bố,biên,bản,thỏa,thuận,nhằm,các,ứng,dụng,nghệ,thông,tin,tại,khu,vực,châu,á,thái,bình,dương,của,2,bao,gồm,nội,dung,chính,là,dự,án,chuyển,đổi,tái,từ,lotus,notes,trong,đông,nam,giải,pháp,cho,phủ,bộ,ngành,mô,hình,tối,ưu,khai,cơ,sở,hạ,tầng
0,0.0,0.0,0.010034333188799373,0.010034333188799373,0.010034333188799373,0.0,0.0,0.010034333188799373,0.005017166594399687,0.005017166594399687,0.005017166594399687,0.005017166594399687,0.005017166594399687,0.005017166594399687,0.005017166594399687,0.005017166594399687,0.005017166594399687,0.0,0.0,0.005017166594399687,0.005017166594399687,0.0,0.005017166594399687,0.005017166594399687,0.005017166594399687,0.0,0.005017166594399687,0.005017166594399687,0.005017166594399687,0.0,0.0,0.005017166594399687,0.0,0.0,0.0,0.0,0.005017166594399687,0.005017166594399687,0.005017166594399687,0.0,0.0,0.005017166594399687,0.0,0.005017166594399687,0.005017166594399687,0.005017166594399687,0.0,0.0,,,,,,,,,,,,,,,,,,,,,,,,,,,,,,,,
1,0.0,0.0,,,,0.0,0.0,,,,,,,,,,,0.0,0.0,,,0.0,,,,0.0,,,,0.0,0.0,,0.0,0.0,0.0,0.0,,,,0.0,0.0,,0.0,,,,0.0,0.0,0.005375535636856807,0.005375535636856807,0.005375535636856807,0.005375535636856807,0.010751071273713613,0.005375535636856807,0.005375535636856807,0.005375535636856807,0.005375535636856807,0.005375535636856807,0.005375535636856807,0.005375535636856807,0.005375535636856807,0.005375535636856807,0.005375535636856807,0.005375535636856807,0.005375535636856807,0.005375535636856807,0.005375535636856807,0.005375535636856807,0.005375535636856807,0.005375535636856807,0.005375535636856807,0.005375535636856807,0.005375535636856807,0.005375535636856807,0.005375535636856807,0.005375535636856807,0.005375535636856807,0.005375535636856807,0.005375535636856807,0.005375535636856807
