,thẻ,nhớ,minisd,kiêm,usb,với,kích,cỡ,64,x,24,x11,mm,nặng,11,g,msd128,dung,lượng,128,mb,có,thể,dùng,như,chứa,dữ,liệu,và,thiết,bị,đọc,ghi,từ,16,đến,1,gb,msd,do,hãng,imation,sản,xuất,nhằm,mang,lại,sự,tiện,lợi,cho,người,sử,dụng,phẩm,được,bán,ra,thị,trường,toàn,cầu,bắt,đầu,tháng,5
0,0.047712125471966245,0.019084850188786497,0.019084850188786497,0.009542425094393249,0.007043650362227249,0.019084850188786497,0.009542425094393249,0.009542425094393249,0.009542425094393249,0.009542425094393249,0.009542425094393249,0.009542425094393249,0.009542425094393249,0.009542425094393249,0.009542425094393249,0.009542425094393249,0.009542425094393249,0.019084850188786497,0.019084850188786497,0.0035218251811136247,0.019084850188786497,0.009542425094393249,0.009542425094393249,0.009542425094393249,0.009542425094393249,0.009542425094393249,0.009542425094393249,0.009542425094393249,0.019084850188786497,0.009542425094393249,0.009542425094393249,0.009542425094393249,0.009542425094393249,0.0035218251811136247,0.009542425094393249,0.009542425094393249,0.009542425094393249,0.009542425094393249,,,,,,,,,,,,,,,,,,,,,,,,,,,,
1,,,,,0.009782847725315624,,,,,,,,,,,,,,,0.009782847725315624,,,,,,,,,,,,,,,,,,,0.026506736373314577,0.026506736373314577,0.026506736373314577,0.026506736373314577,0.009782847725315624,0.026506736373314577,0.026506736373314577,0.026506736373314577,0.026506736373314577,0.026506736373314577,0.026506736373314577,0.026506736373314577,0.026506736373314577,0.026506736373314577,0.026506736373314577,0.026506736373314577,,,,,,,,,,,,
2,,,,,,,,,,,,,,,,,,,,,,,,,,,,,,,,,,0.012577947075405802,,,,,,,,,0.012577947075405802,,,,,,,,,,,,0.03408008962283303,0.03408008962283303,0.03408008962283303,0.03408008962283303,0.03408008962283303,0.03408008962283303,0.03408008962283303,0.03408008962283303,0.03408008962283303,0.03408008962283303,0.03408008962283303,0.03408008962283303
