,giới,trẻ,mỹ,khai,thác,nhiều,tính,năng,đtdđ,theo,cuộc,khảo,sát,mới,của,ap,aol,pew,2,3,trong,số,1,503,thanh,niên,từ,29,tuổi,trở,xuống,cho,biết,họ,sử,dụng,để,gửi,tin,nhắn,phân,nửa,dùng,chụp,hình,và,chơi,game,những,người,này,các,nói,trên,cùng,với,việc,truy,cập,internet,gấp,lần,so,chung
0,0.020744402379115758,0.020744402379115758,0.007656141698073097,0.020744402379115758,0.020744402379115758,0.007656141698073097,0.007656141698073097,0.007656141698073097,0.0,0.020744402379115758,0.020744402379115758,0.020744402379115758,0.020744402379115758,0.020744402379115758,0.020744402379115758,0.020744402379115758,0.020744402379115758,0.020744402379115758,0.007656141698073097,0.020744402379115758,0.020744402379115758,0.020744402379115758,0.020744402379115758,,,,,,,,,,,,,,,,,,,,,,,,,,,,,,,,,,,,,,,,,
1,,,0.006072112381230388,,,,,,0.0,,,,,,,,,,,,,,,0.016452457059298705,0.016452457059298705,0.016452457059298705,0.016452457059298705,0.016452457059298705,0.016452457059298705,0.016452457059298705,0.016452457059298705,0.016452457059298705,0.016452457059298705,0.016452457059298705,0.006072112381230388,0.006072112381230388,0.03290491411859741,0.016452457059298705,0.016452457059298705,0.016452457059298705,0.016452457059298705,0.016452457059298705,0.016452457059298705,0.016452457059298705,0.016452457059298705,0.016452457059298705,0.016452457059298705,0.016452457059298705,,,,,,,,,,,,,,,,
2,,,,,,0.006072112381230388,0.006072112381230388,0.006072112381230388,0.0,,,,,,,,,,0.006072112381230388,,,,,,,,,,,,,,,,0.012144224762460775,0.012144224762460775,,,,,,,,,,,,,0.03290491411859741,0.03290491411859741,0.016452457059298705,0.016452457059298705,0.03290491411859741,0.016452457059298705,0.016452457059298705,0.03290491411859741,0.016452457059298705,0.016452457059298705,0.016452457059298705,0.016452457059298705,0.016452457059298705,0.016452457059298705,0.016452457059298705,0.016452457059298705
