,vào,hạ,tuần,tháng,3,2006,yahoo,việt,nam,phiên,bản,chính,thức,đã,được,cung,cấp,tại,địa,chỉ,website,http,vn,com,từ,này,bạn,có,thể,dễ,dàng,truy,cập,nhanh,đến,các,dịch,vụ,tiếng,miễn,phí,khác,của,như,mail,search,tìm,trang,web,thời,tiết,ở,một,số,thành,phố,lớn,thông,tin,giải,trí,thao,mới,nhất…
0,0.025085832971998432,0.025085832971998432,0.025085832971998432,0.025085832971998432,0.025085832971998432,0.025085832971998432,0.010411561384024994,0.012542916485999216,0.012542916485999216,0.025085832971998432,0.025085832971998432,0.025085832971998432,0.025085832971998432,0.025085832971998432,0.025085832971998432,0.025085832971998432,0.025085832971998432,0.025085832971998432,0.025085832971998432,0.025085832971998432,0.012542916485999216,0.025085832971998432,0.025085832971998432,,,,,,,,,,,,,,,,,,,,,,,,,,,,,,,,,,,,,,,,,
1,,,,,,,0.12493873660829993,,,,,,,,,,,,,,,,,,,,,,,,,,,,,,,,,,,,,,,,,,,,,,,,,,,,,,,,,
2,,,,,,,,,,,,,,,,,,,,,,,,0.6020599913279624,,,,,,,,,,,,,,,,,,,,,,,,,,,,,,,,,,,,,,,,
3,,,,,,,0.004543226785756361,0.02736636324218011,0.010946545296872043,,,,,,,,,,,,0.005473272648436021,,,,0.010946545296872043,0.010946545296872043,0.010946545296872043,0.010946545296872043,0.021893090593744086,0.010946545296872043,0.010946545296872043,0.010946545296872043,0.010946545296872043,0.010946545296872043,0.010946545296872043,0.010946545296872043,0.010946545296872043,0.010946545296872043,0.03283963589061613,0.010946545296872043,0.010946545296872043,0.010946545296872043,0.010946545296872043,0.010946545296872043,0.010946545296872043,0.010946545296872043,0.010946545296872043,0.010946545296872043,0.010946545296872043,0.010946545296872043,0.010946545296872043,0.021893090593744086,0.010946545296872043,0.010946545296872043,0.010946545296872043,0.010946545296872043,0.010946545296872043,0.010946545296872043,0.021893090593744086,0.010946545296872043,0.010946545296872043,0.010946545296872043,0.010946545296872043,0.010946545296872043
