,ngày,22,3,theo,nguồn,tin,từ,văn,phòng,microsoft,tại,việt,nam,ông,bill,gates,chủ,tịch,tập,đoàn,hãng,phần,mềm,lớn,nhất,thế,giới,sẽ,đến,thăm,lần,đầu,tiên,vào,cuối,tháng,4,2006,tới,tối,21,và,có,kế,hoạch,làm,việc,với,lãnh,đạo,chính,phủ,bộ,ngành,các,đối,tác,quan,trọng,của,sang,lời,mời,thủ,tướng,phan,khải,khi,trụ,sở,năm,2005
0,0.011637103773650303,0.011637103773650303,0.011637103773650303,0.00429490875745564,0.011637103773650303,0.011637103773650303,0.011637103773650303,0.00429490875745564,0.011637103773650303,0.0,0.00429490875745564,0.0,0.0,0.0,0.0,0.0,0.011637103773650303,0.011637103773650303,0.00429490875745564,0.00429490875745564,0.011637103773650303,0.011637103773650303,0.011637103773650303,0.011637103773650303,0.011637103773650303,0.011637103773650303,0.011637103773650303,0.011637103773650303,0.011637103773650303,0.00429490875745564,0.011637103773650303,0.011637103773650303,0.011637103773650303,0.0,0.011637103773650303,0.011637103773650303,0.00429490875745564,0.011637103773650303,,,,,,,,,,,,,,,,,,,,,,,,,,,,,,,,,,
1,,,,,,,,,,0.0,0.005179154678108272,0.0,0.0,0.0,0.0,0.0,,,,,,,,,,,,,,,,,,0.0,,,0.005179154678108272,,0.014032978079990072,0.014032978079990072,0.014032978079990072,0.028065956159980143,0.014032978079990072,0.014032978079990072,0.014032978079990072,0.014032978079990072,0.014032978079990072,0.014032978079990072,0.014032978079990072,0.014032978079990072,0.014032978079990072,0.014032978079990072,0.014032978079990072,0.014032978079990072,0.014032978079990072,0.014032978079990072,0.014032978079990072,0.014032978079990072,0.014032978079990072,0.005179154678108272,,,,,,,,,,,,
2,,,,0.006072112381230388,,,,0.006072112381230388,,0.0,,0.0,0.0,0.0,0.0,0.0,,,0.006072112381230388,0.006072112381230388,,,,,,,,,,0.006072112381230388,,,,0.0,,,,,,,,,,,,,,,,,,,,,,,,,,0.012144224762460775,0.03290491411859741,0.016452457059298705,0.016452457059298705,0.03290491411859741,0.03290491411859741,0.016452457059298705,0.016452457059298705,0.016452457059298705,0.016452457059298705,0.016452457059298705,0.016452457059298705,0.016452457059298705
