,thái,lan,giới,hạn,thời,gian,vào,quán,internet,những,người,dưới,18,tuổi,chỉ,được,phép,cà,phê,từ,14,giờ,cho,đến,22,trong,ngày,theo,quy,định,mới,của,bộ,văn,hóa,các,vẫn,có,thể,mở,cửa,24,nhưng,thanh,niên,khoảng,nêu,trên,chủ,phải,trách,nhiệm,việc,giúp,giải,quyết,vấn,đề,liên,quan,tình,trạng,nghiện,game,trực,tuyến,trẻ
0,0.00858981751491128,0.00858981751491128,0.00429490875745564,0.011637103773650303,0.00429490875745564,0.00429490875745564,0.00858981751491128,0.0,0.0,0.00429490875745564,0.011637103773650303,0.011637103773650303,0.011637103773650303,0.011637103773650303,0.00429490875745564,0.00429490875745564,0.00429490875745564,0.0,0.0,0.011637103773650303,0.011637103773650303,0.023274207547300606,0.011637103773650303,0.00429490875745564,0.011637103773650303,0.0,0.011637103773650303,0.00429490875745564,0.00429490875745564,0.00429490875745564,0.011637103773650303,0.011637103773650303,0.00429490875745564,0.00429490875745564,0.00429490875745564,,,,,,,,,,,,,,,,,,,,,,,,,,,,,,,,
1,,,,,0.006288973537702901,0.006288973537702901,0.006288973537702901,0.0,0.0,,,,,,0.006288973537702901,0.006288973537702901,0.006288973537702901,0.0,0.0,,,,,,,0.0,,,0.006288973537702901,0.006288973537702901,,,,,,0.006288973537702901,0.017040044811416515,0.006288973537702901,0.017040044811416515,0.017040044811416515,0.017040044811416515,0.03408008962283303,0.017040044811416515,0.017040044811416515,0.017040044811416515,0.017040044811416515,0.017040044811416515,0.017040044811416515,,,,,,,,,,,,,,,,,,,
2,0.0047592232177211145,0.0047592232177211145,0.0047592232177211145,,,,,0.0,0.0,0.0047592232177211145,,,,,,,,0.0,0.0,,,,,0.0047592232177211145,,0.0,,0.0047592232177211145,,,,,0.0047592232177211145,0.0047592232177211145,0.0047592232177211145,0.0047592232177211145,,0.009518446435442229,,,,,,,,,,,0.012895169046477363,0.012895169046477363,0.012895169046477363,0.012895169046477363,0.012895169046477363,0.012895169046477363,0.012895169046477363,0.012895169046477363,0.012895169046477363,0.012895169046477363,0.012895169046477363,0.012895169046477363,0.012895169046477363,0.012895169046477363,0.012895169046477363,0.012895169046477363,0.012895169046477363,0.012895169046477363,0.012895169046477363
